Post ID,Title,Link,Score,Publish Date,Total No. of Comments
ki52a6,Tyrese Maxey or Markelle Fultz?,https://www.reddit.com/r/nba/comments/ki52a6/tyrese_maxey_or_markelle_fultz/,1,2020-12-22 18:41:17,58
kj54ie,"[Highlight] Tyrese Maxey drives to the hoop for his first NBA bucket, then hits Korkmaz in transition for a triple",https://www.reddit.com/r/nba/comments/kj54ie/highlight_tyrese_maxey_drives_to_the_hoop_for_his/,1,2020-12-24 06:08:55,38
kjfv6x,Can someone who follows college basketball &amp; the NBA please explain to me how Tyrese Maxey fell all fell all the way to 21? What’s with these Kentucky guards staying underrated?,https://www.reddit.com/r/nba/comments/kjfv6x/can_someone_who_follows_college_basketball_the/,1,2020-12-24 19:29:01,14
kp9v95,[Highlight] Tyrese Maxey hits his first career triple,https://www.reddit.com/r/nba/comments/kp9v95/highlight_tyrese_maxey_hits_his_first_career/,1,2021-01-03 06:17:48,31
kpaz7f,[Highlight] The good chemistry between Maxey and Milton continues,https://www.reddit.com/r/nba/comments/kpaz7f/highlight_the_good_chemistry_between_maxey_and/,1,2021-01-03 07:21:16,5
kqnqam,[Highlight] Maxey with the steal and the slam on the other side!,https://www.reddit.com/r/nba/comments/kqnqam/highlight_maxey_with_the_steal_and_the_slam_on/,1,2021-01-05 07:23:49,79
kqnqhi,[Highlight] Sixers rookie Tyrese Maxey steals the pass and takes it to the other end for the slam!,https://www.reddit.com/r/nba/comments/kqnqhi/highlight_sixers_rookie_tyrese_maxey_steals_the/,1,2021-01-05 07:24:06,2
kqnt8l,[Highlight] Maxey takes it coast to coast with the strong finish,https://www.reddit.com/r/nba/comments/kqnt8l/highlight_maxey_takes_it_coast_to_coast_with_the/,1,2021-01-05 07:28:28,28
kqnus0,[Highlight] Tyrese Maxey steals the pass and goes coast-to-coast to finish the and-one to put the 76ers up 23!,https://www.reddit.com/r/nba/comments/kqnus0/highlight_tyrese_maxey_steals_the_pass_and_goes/,1,2021-01-05 07:30:32,4
kqoasb,"76ers rookie Tyrese Maxey vs. the Charlotte Hornets tonight: 11 points (2-3 3FG), 2 rebounds, 2 assists, 1 steal, and one serious slam dunk on the fast break.",https://www.reddit.com/r/nba/comments/kqoasb/76ers_rookie_tyrese_maxey_vs_the_charlotte/,1,2021-01-05 07:54:51,46
kr0sd2,"Tyrese Maxey, Malachi Flynn, or Payton Pritchard, who do you think will end up the best of the group?",https://www.reddit.com/r/nba/comments/kr0sd2/tyrese_maxey_malachi_flynn_or_payton_pritchard/,1,2021-01-05 21:11:47,69
kss67d,"So far tonight, Marv and Webber have: Called the Nets New Jersey, gotten clipped by a commercial out, confused Maxey for Shake, Prince for Jordan and Chiozza for Shamet... there’s 5 minutes left in the first half",https://www.reddit.com/r/nba/comments/kss67d/so_far_tonight_marv_and_webber_have_called_the/,1,2021-01-08 07:09:28,0
ktdpbp,"[Dumas]: Source: Sixers will arrive back in Philly some time this evening via private cars/bus. The game is still on as of now. As @wojespn reported, multiple players are expected to miss time. Maxey,Scott,Milton,Mathias all were in close contact of Seth Curry.",https://www.reddit.com/r/nba/comments/ktdpbp/dumas_source_sixers_will_arrive_back_in_philly/,4,2021-01-09 04:10:26,36
kthf2g,[Aaronson] The only Sixers who are definitively available for tomorrow: • Ben Simmons • Dwight Howard • Tyrese Maxey • Isaiah Joe • Dakota Mathias • Tony Bradley,https://www.reddit.com/r/nba/comments/kthf2g/aaronson_the_only_sixers_who_are_definitively/,9,2021-01-09 07:30:22,73
ktuvfi,"[Wojnarowski] Philadelphia has nine eligible players today for 3 PM tip vs. Denver, including Ben Simmons, Tyrese Maxey, Isaiah Joe, Dwight Howard, Dakota Mathias, Tony Bradley -- the three who sources say were cleared from protocol this morning: Embiid, Green and Reed.",https://www.reddit.com/r/nba/comments/ktuvfi/wojnarowski_philadelphia_has_nine_eligible/,2,2021-01-09 22:45:31,83
ktuvyb,"[Wojnarowski] Philadelphia has nine eligible players today for 3 PM tip vs. Denver, including Ben Simmons, Tyrese Maxey, Isaiah Joe, Dwight Howard, Dakota Mathias, Tony Bradley -- the three who sources say were cleared from protocol this morning: Embiid, Green and Reed.",https://www.reddit.com/r/nba/comments/ktuvyb/wojnarowski_philadelphia_has_nine_eligible/,2,2021-01-09 22:46:00,0
ktux8l,"Philadelphia has nine eligible players today for 3 PM tip vs. Denver, including Ben Simmons, Tyrese Maxey, Isaiah Joe, Dwight Howard, Dakota Mathias, Tony Bradley -- the three who sources say were cleared from protocol this morning: Embiid, Green and Reed.",https://www.reddit.com/r/nba/comments/ktux8l/philadelphia_has_nine_eligible_players_today_for/,1,2021-01-09 22:47:46,4
ktuxug,"Philadelphia has nine eligible players today for 3 PM tip vs. Denver, including Ben Simmons, Tyrese Maxey, Isaiah Joe, Dwight Howard, Dakota Mathias, Tony Bradley -- the three who sources say were cleared from protocol this morning: Embiid, Green and Reed.",https://www.reddit.com/r/nba/comments/ktuxug/philadelphia_has_nine_eligible_players_today_for/,1,2021-01-09 22:48:38,0
ktzg3d,Tyrese Maxey at halftime against the Nuggets : 22 Points 3 Rebounds 2 Assists on 11/19 from the field,https://www.reddit.com/r/nba/comments/ktzg3d/tyrese_maxey_at_halftime_against_the_nuggets_22/,8,2021-01-10 02:36:50,20
ku00p5,Tyrese Maxey drains the three to bring his career high to 29!,https://www.reddit.com/r/nba/comments/ku00p5/tyrese_maxey_drains_the_three_to_bring_his_career/,6,2021-01-10 03:07:17,18
ku014a,"Sixers' Rookie Tyrese Maxey had 22 points, 4 rebounds, 2 assists, and 0 turnovers on 11/19 from the field at the end of the first half",https://www.reddit.com/r/nba/comments/ku014a/sixers_rookie_tyrese_maxey_had_22_points_4/,3,2021-01-10 03:07:54,2
ku01i4,"With over 5 minutes remaining in the 3rd quarter, Tyrese Maxey has surpassed Markelle Fultz’s career high with 29 points",https://www.reddit.com/r/nba/comments/ku01i4/with_over_5_minutes_remaining_in_the_3rd_quarter/,9,2021-01-10 03:08:25,54
ku0puh,"Tyrese Maxey in his first start: 39/7/6 on 18-33 shooting, no free throws",https://www.reddit.com/r/nba/comments/ku0puh/tyrese_maxey_in_his_first_start_3976_on_1833/,85,2021-01-10 03:43:50,440
ku0pxq,"Sixers rookie Tyrese Maxey against the Denver Nuggets today: career-high 39 points (18-33 FG, 3 3PM), 5 rebounds, 6 assists, and 2 steal.",https://www.reddit.com/r/nba/comments/ku0pxq/sixers_rookie_tyrese_maxey_against_the_denver/,23,2021-01-10 03:43:58,10
ku0qse,"Sixers rookie Tyrese Maxey against the Denver Nuggets today: career-high 39 points (18-33 FG, 3 3PM), 7 rebounds, 6 assists, and 2 steals.",https://www.reddit.com/r/nba/comments/ku0qse/sixers_rookie_tyrese_maxey_against_the_denver/,84,2021-01-10 03:45:11,95
ku12dp,[Highlight] Tyrese Maxey drops 39 points 7 rebounds and 6 assists in 1st career start vs Denver Nuggets,https://www.reddit.com/r/nba/comments/ku12dp/highlight_tyrese_maxey_drops_39_points_7_rebounds/,27,2021-01-10 04:01:25,190
ku17hk,Tyrese Maxey becomes the 10th youngest player to score 39+ points...in his debut start. Also the most points ever scored by a sixers rookie not named AI.,https://www.reddit.com/r/nba/comments/ku17hk/tyrese_maxey_becomes_the_10th_youngest_player_to/,21,2021-01-10 04:08:49,24
ku1cnj,[ESPN Stats &amp; Info on Twitter] Tyrese Maxey finished with 33 shot attempts and 0 free throw attempts. That is tied for the most shot attempts without taking a free throw in a game over the last 15 seasons.,https://www.reddit.com/r/nba/comments/ku1cnj/espn_stats_info_on_twitter_tyrese_maxey_finished/,1,2021-01-10 04:16:06,0
ku8qua,Tyrese Maxey is the core and heart of the 76ers.,https://www.reddit.com/r/nba/comments/ku8qua/tyrese_maxey_is_the_core_and_heart_of_the_76ers/,1,2021-01-10 11:26:53,24
kvgtuh,"Sixers are currently playing four rookies at the same time with Dwigth Howard at Center: Tyrese Maxey, Dakota Mathias, Isaiah Joe, and Paul Reed",https://www.reddit.com/r/nba/comments/kvgtuh/sixers_are_currently_playing_four_rookies_at_the/,1,2021-01-12 06:37:08,140
kvhbva,[Highlight] Tyrese Maxey uses his vertical to block the Trae Young three,https://www.reddit.com/r/nba/comments/kvhbva/highlight_tyrese_maxey_uses_his_vertical_to_block/,1,2021-01-12 07:05:54,1
kvhcsx,[Highlight] Tyrese Maxey rises for the block on Trae Young,https://www.reddit.com/r/nba/comments/kvhcsx/highlight_tyrese_maxey_rises_for_the_block_on/,2,2021-01-12 07:07:18,61
kw6opo,[Highlight] Tyrese Maxey with a deeeep three to put the 76ers up 5,https://www.reddit.com/r/nba/comments/kw6opo/highlight_tyrese_maxey_with_a_deeeep_three_to_put/,1,2021-01-13 07:46:51,0
kw6pd0,[Highlight] Tyrese Maxey hits a deeeep three to put the 76ers up by 5,https://www.reddit.com/r/nba/comments/kw6pd0/highlight_tyrese_maxey_hits_a_deeeep_three_to_put/,12,2021-01-13 07:47:54,18
kwkw62,"[Highlight] Maxey with a great hustle play against the Heat, knocks the ball out of Achiuwa's hands and tips it for 2 in the same motion.",https://www.reddit.com/r/nba/comments/kwkw62/highlight_maxey_with_a_great_hustle_play_against/,5,2021-01-13 22:42:38,45
kwnqry,"[Stein] The Rockets are pursuing a trade package from the 76ers that would be headlined by Ben Simmons and Tyrese Maxey, league sources say",https://www.reddit.com/r/nba/comments/kwnqry/stein_the_rockets_are_pursuing_a_trade_package/,84,2021-01-14 00:53:27,429
kwnr36,"[Stein] The Rockets are pursuing a trade package from the 76ers that would be headlined by Ben Simmons and Tyrese Maxey, league sources say",https://www.reddit.com/r/nba/comments/kwnr36/stein_the_rockets_are_pursuing_a_trade_package/,2,2021-01-14 00:53:51,8
kwnr8v,"[Stein] The Rockets are pursuing a trade package from the 76ers that would be headlined by Ben Simmons and Tyrese Maxey, league sources say",https://www.reddit.com/r/nba/comments/kwnr8v/stein_the_rockets_are_pursuing_a_trade_package/,17,2021-01-14 00:54:06,65
kwns4q,"[Stein] The Rockets are pursuing a trade package from the 76ers that would be headlined by Ben Simmons and Tyrese Maxey, league sources say",https://www.reddit.com/r/nba/comments/kwns4q/stein_the_rockets_are_pursuing_a_trade_package/,47,2021-01-14 00:55:16,162
kwnug8,"[Stein] Houston is increasingly determined to complete a James Harden trade as soon as today, league sources say, and has chased the promising Maxey in addition to Simmons Philly is known to covet Houston's PJ Tucker in addition to Harden while the Nets have also remained in pursuit",https://www.reddit.com/r/nba/comments/kwnug8/stein_houston_is_increasingly_determined_to/,78,2021-01-14 00:58:19,248
kwnumd,"[Stein] Houston is increasingly determined to complete a James Harden trade as soon as today, league sources say, and has chased the promising Maxey in addition to Simmons Philly is known to covet Houston's PJ Tucker in addition to Harden while the Nets have also remained in pursuit",https://www.reddit.com/r/nba/comments/kwnumd/stein_houston_is_increasingly_determined_to/,17,2021-01-14 00:58:32,59
kwnunw,"[Stein] Houston is increasingly determined to complete a James Harden trade as soon as today, league sources say, and has chased the promising Maxey in addition to Simmons Philly is known to covet Houston's PJ Tucker in addition to Harden while the Nets have also remained in pursuit",https://www.reddit.com/r/nba/comments/kwnunw/stein_houston_is_increasingly_determined_to/,3,2021-01-14 00:58:35,4
kwoapt,[McDonough] I understand why the Rockets would want to do this deal but I don’t see any reason for the 76ers to do it. Philadelphia has the leverage - they are still in good shape if they don’t make a deal. I don’t see any way Philly includes Maxey or Thybulle if Simmons is in the trade.,https://www.reddit.com/r/nba/comments/kwoapt/mcdonough_i_understand_why_the_rockets_would_want/,1,2021-01-14 01:20:01,3
kwp66z,"[Stein] The Sixers, league sources say, are trying to muster other assets (such as draft compensation) to offer Houston to keep Tyrese Maxey out of a potential James Harden trade, league sources say",https://www.reddit.com/r/nba/comments/kwp66z/stein_the_sixers_league_sources_say_are_trying_to/,95,2021-01-14 02:01:11,603
kwq7p7,What the fuck have the rockets done? Sixers even without maxey offer was far better.,https://www.reddit.com/r/nba/comments/kwq7p7/what_the_fuck_have_the_rockets_done_sixers_even/,0,2021-01-14 02:50:11,56
kwqmei,"[Jason Dumas] Source: The Rockets asked for Ben Simmons, Tyrese Maxey, Matisse Thybulle, and a number of unprotected draft picks in compensation for James Harden.",https://www.reddit.com/r/nba/comments/kwqmei/jason_dumas_source_the_rockets_asked_for_ben/,72,2021-01-14 03:09:29,301
kwqmzr,"[Dumas]: Source: The Rockets asked for Ben Simmons, Tyrese Maxey, Matisse Thybulle, and a number of unprotected draft picks in compensation for James Harden.",https://www.reddit.com/r/nba/comments/kwqmzr/dumas_source_the_rockets_asked_for_ben_simmons/,8,2021-01-14 03:10:18,27
ky0l5s,[Grimm] Here’s a stat you didn’t know: Tyrese Maxey currently has the second most points scored in the 2020 rookie class behind Charlotte’s LaMelo Ball.,https://www.reddit.com/r/nba/comments/ky0l5s/grimm_heres_a_stat_you_didnt_know_tyrese_maxey/,15,2021-01-16 00:00:05,203
kyck9l,"[Pompey] And if he made a deal, Fertitta was only going to make it for Simmons, Thybulle, Maxey and two draft picks, according to sources. However, a source close to the Sixers denied that Maxey was part of the deal.",https://www.reddit.com/r/nba/comments/kyck9l/pompey_and_if_he_made_a_deal_fertitta_was_only/,1,2021-01-16 10:39:10,116
kyygp7,"Simmons, Maxey, and Thybulle combined for 31 points and 10 assist.",https://www.reddit.com/r/nba/comments/kyygp7/simmons_maxey_and_thybulle_combined_for_31_points/,1,2021-01-17 09:05:21,32
kyyi70,Tyrese Maxey-- whats his real height?,https://www.reddit.com/r/nba/comments/kyyi70/tyrese_maxey_whats_his_real_height/,1,2021-01-17 09:07:47,14
kyyifn,"The three players the 76ers wouldn’t trade for Harden (Simmons, Thybulle and Maxey) combined for 31 points tonight, one point less than Harden scored in his Nets debut",https://www.reddit.com/r/nba/comments/kyyifn/the_three_players_the_76ers_wouldnt_trade_for/,1,2021-01-17 09:08:10,2
kyzd6c,Ben Simmons' pass to Maxey at the end of game against Memphis: right play or wrong play?,https://www.reddit.com/r/nba/comments/kyzd6c/ben_simmons_pass_to_maxey_at_the_end_of_game/,1,2021-01-17 09:59:18,49
kzwton,"[Kevin O'Connor] ""League sources say the Rockets demanded Ben Simmons, Tyrese Maxey, and three first-round picks from the Sixers in return for Harden.""",https://www.reddit.com/r/nba/comments/kzwton/kevin_oconnor_league_sources_say_the_rockets/,1,2021-01-18 21:01:51,1008
kzzr8j,"Gotta Say I agree With Bill Simmons, why was this NBA rookie class so slept on? Wiseman, Ball, Haliburton, Maxey, Okaro, Edwards, Payton Pritchard, pat Williams, etc are all gonna be pretty darn good.",https://www.reddit.com/r/nba/comments/kzzr8j/gotta_say_i_agree_with_bill_simmons_why_was_this/,1,2021-01-18 23:24:56,62
l01nxf,"Rockets demanded Ben Simmons, Tyrese Maxey, and three first-round picks from the Sixers in return for Harden. Did Morey make the right decision turning it down?",https://www.reddit.com/r/nba/comments/l01nxf/rockets_demanded_ben_simmons_tyrese_maxey_and/,1,2021-01-19 00:54:18,0
l01snr,"Rockets demanded Ben Simmons, Tyrese Maxey, and three first-round picks from the Sixers in return for Harden. Was Morey right for turning it down?",https://www.reddit.com/r/nba/comments/l01snr/rockets_demanded_ben_simmons_tyrese_maxey_and/,1,2021-01-19 01:00:27,0
l020fy,"Rockets demanded Ben Simmons, Tyrese Maxey, and three first-round picks from the Sixers in return for Harden. Were the Sixers right for turning it down?",https://www.reddit.com/r/nba/comments/l020fy/rockets_demanded_ben_simmons_tyrese_maxey_and/,1,2021-01-19 01:10:34,0
l3pu60,[Highlight] Maxey rips Svi and streaks down the court for the east deuce,https://www.reddit.com/r/nba/comments/l3pu60/highlight_maxey_rips_svi_and_streaks_down_the/,1,2021-01-24 07:19:46,2
l4ovj0,I get Ryu/Ken vibes from Quickley and Maxey,https://www.reddit.com/r/nba/comments/l4ovj0/i_get_ryuken_vibes_from_quickley_and_maxey/,1,2021-01-25 19:57:36,0
l50emq,Why did players like Immanuel Quickley and Tyrese Maxey fall so far in the draft?,https://www.reddit.com/r/nba/comments/l50emq/why_did_players_like_immanuel_quickley_and_tyrese/,1,2021-01-26 04:49:25,1
l50ga3,Why did players like Immanuel Quickley and Tyrese Maxey fall so far in the draft?,https://www.reddit.com/r/nba/comments/l50ga3/why_did_players_like_immanuel_quickley_and_tyrese/,1,2021-01-26 04:51:47,0
l54ih7,Simmons should be traded in the off-season so Maxey can start next year,https://www.reddit.com/r/nba/comments/l54ih7/simmons_should_be_traded_in_the_offseason_so/,1,2021-01-26 08:24:37,0
l6m1uu,[Highlight] Maxey drives and finishes nicely off the glass,https://www.reddit.com/r/nba/comments/l6m1uu/highlight_maxey_drives_and_finishes_nicely_off/,1,2021-01-28 08:19:22,2
lamywm,Immanuel Quickley or Tyrese Maxey?,https://www.reddit.com/r/nba/comments/lamywm/immanuel_quickley_or_tyrese_maxey/,11,2021-02-02 09:34:27,110
lnx3or,"[Highlight] Embiid gets the steal, finds Maxey in transition for the athletic finish",https://www.reddit.com/r/nba/comments/lnx3or/highlight_embiid_gets_the_steal_finds_maxey_in/,1,2021-02-20 08:03:39,6
lsj9ae,"NBA Central on Twitter: Kyle lowry dealt in trade to Philadelphia 76ers for Matisse Thybulle, Tyrese Maxey, Danny Green, Mike Scott and a 2023 protected for round pick",https://www.reddit.com/r/nba/comments/lsj9ae/nba_central_on_twitter_kyle_lowry_dealt_in_trade/,1,2021-02-26 04:22:25,0
lx1pwp,"ESPN Trade Suggestion - Three team trade for Lowry to Sixers. Raptors get Drummond, Maxey, 2021+2023 Sixers pick",https://www.reddit.com/r/nba/comments/lx1pwp/espn_trade_suggestion_three_team_trade_for_lowry/,0,2021-03-04 00:38:00,10
mgx51g,The leading scorer for the Philadelphia 76ers today against Denver was Tyrese Maxey off the bench in 16 min with 13 points. Yes you read that right.,https://www.reddit.com/r/nba/comments/mgx51g/the_leading_scorer_for_the_philadelphia_76ers/,1,2021-03-31 08:58:35,106
mjhvn7,Who’d you rather have going forward Talen Horton Tucker or Tyrese Maxey?,https://www.reddit.com/r/nba/comments/mjhvn7/whod_you_rather_have_going_forward_talen_horton/,1,2021-04-04 03:06:55,51
msfuw8,[Highlight] Maxey with drive and finish on Kennard,https://www.reddit.com/r/nba/comments/msfuw8/highlight_maxey_with_drive_and_finish_on_kennard/,1,2021-04-17 05:33:38,7
mw6wtt,What is the argument for Lebron over Tyrese maxey?,https://www.reddit.com/r/nba/comments/mw6wtt/what_is_the_argument_for_lebron_over_tyrese_maxey/,1,2021-04-22 20:41:27,2
mzqw60,Westbrook/Beal for Simmons/Tobias/Maxey who says no?,https://www.reddit.com/r/nba/comments/mzqw60/westbrookbeal_for_simmonstobiasmaxey_who_says_no/,1,2021-04-27 20:53:31,0
mzzsrf,"When Markelle Fultz trade value was at an all time low, the 76ers still managed to turn him into Matisse Thybulle &amp; Tyrese Maxey with cash considerations.",https://www.reddit.com/r/nba/comments/mzzsrf/when_markelle_fultz_trade_value_was_at_an_all/,1,2021-04-28 03:30:10,154
n7ccke,Pelicans Commentators Continuously Call Shake Milton ‘Maxey’,https://www.reddit.com/r/nba/comments/n7ccke/pelicans_commentators_continuously_call_shake/,1,2021-05-08 05:14:40,20
n82vnq,[Highlight] Tyrese Maxey throws down the HUGE slam in transition to expand the 76ers lead over the Pistons!,https://www.reddit.com/r/nba/comments/n82vnq/highlight_tyrese_maxey_throws_down_the_huge_slam/,1,2021-05-09 06:29:45,39
n833eh,Embiid checks out with 29 points on 11/13 from the field in just 23 minutes. Maxey in the spot start for Simmons had 22/5/4/1/1 on 7/11 shooting.,https://www.reddit.com/r/nba/comments/n833eh/embiid_checks_out_with_29_points_on_1113_from_the/,1,2021-05-09 06:41:15,2
n836bg,Tyrese Maxey tonight in a spot start for Simmons: 22/5/4/2/1 on 7/11 shooting,https://www.reddit.com/r/nba/comments/n836bg/tyrese_maxey_tonight_in_a_spot_start_for_simmons/,1,2021-05-09 06:46:09,94
n836vs,"[Post Game Thread] The Philadelphia 76ers (46-21) defeat the Detroit Pistons (20-48), 118 - 104 as rookie Tyrese Maxey goes for 22/5/4",https://www.reddit.com/r/nba/comments/n836vs/post_game_thread_the_philadelphia_76ers_4621/,1,2021-05-09 06:47:05,0
n99fza,"[Frank]: Tobias Harris makes known he would consider his relationship with Tyrese Maxey as ""wholesome"" but not ""cute.""",https://www.reddit.com/r/nba/comments/n99fza/frank_tobias_harris_makes_known_he_would_consider/,1,2021-05-10 22:02:57,33
ncnoug,[Highlight] Ben Simmons with the half-court bounce pass in transition to Maxey,https://www.reddit.com/r/nba/comments/ncnoug/highlight_ben_simmons_with_the_halfcourt_bounce/,1,2021-05-15 06:43:56,23
ne1qlh,[Highlight] Tyrese Maxey freezes Mo Bamba and drives in for the layup to give him 24 at the end of first half (on 10/11 from the field),https://www.reddit.com/r/nba/comments/ne1qlh/highlight_tyrese_maxey_freezes_mo_bamba_and/,1,2021-05-17 05:38:16,70
ne1s9i,"Tyrese Maxey at halftime: 24/3/3 on 10/11 shooting, 3/3 from 3",https://www.reddit.com/r/nba/comments/ne1s9i/tyrese_maxey_at_halftime_2433_on_1011_shooting_33/,1,2021-05-17 05:40:33,29
ne3783,Tyrese Maxey vs Magic: 30/7/6 on 11-19 from the field and 3-4 from three,https://www.reddit.com/r/nba/comments/ne3783/tyrese_maxey_vs_magic_3076_on_1119_from_the_field/,1,2021-05-17 06:53:58,81
ne3ato,Should the Sixers consider making Tyrese Maxey the primary PG next season?,https://www.reddit.com/r/nba/comments/ne3ato/should_the_sixers_consider_making_tyrese_maxey/,1,2021-05-17 06:59:18,28
njdkzz,[Highlight] Maxey crosses Ish Smith and finishes the And-1 for his 1st Playoff bucket,https://www.reddit.com/r/nba/comments/njdkzz/highlight_maxey_crosses_ish_smith_and_finishes/,2,2021-05-23 23:47:43,12
nlwe2f,Who is better - Maxey or Quickly?,https://www.reddit.com/r/nba/comments/nlwe2f/who_is_better_maxey_or_quickly/,1,2021-05-27 06:46:20,25
nlwjql,[Highlight] Maxey and Paul Reed connect on the Alley,https://www.reddit.com/r/nba/comments/nlwjql/highlight_maxey_and_paul_reed_connect_on_the_alley/,1,2021-05-27 06:54:42,20
npgx2g,[Highlight Reqest] Maxey deep 3 at the shot clock buzzer,https://www.reddit.com/r/nba/comments/npgx2g/highlight_reqest_maxey_deep_3_at_the_shot_clock/,1,2021-06-01 05:33:45,2
npgyfe,[Highlight Reqest] Maxey deep 3 at the shot clock buzzer,https://www.reddit.com/r/nba/comments/npgyfe/highlight_reqest_maxey_deep_3_at_the_shot_clock/,1,2021-06-01 05:35:38,0
npgytk,Tyrese Maxey beats the shot clock with a 3,https://www.reddit.com/r/nba/comments/npgytk/tyrese_maxey_beats_the_shot_clock_with_a_3/,1,2021-06-01 05:36:10,5
npip0x,Tyrese Maxey With A Great 2 Way Performance,https://www.reddit.com/r/nba/comments/npip0x/tyrese_maxey_with_a_great_2_way_performance/,1,2021-06-01 07:09:39,0
npipox,[Highlight] Maxey hits the three to cut the Wizards lead to only 1 point,https://www.reddit.com/r/nba/comments/npipox/highlight_maxey_hits_the_three_to_cut_the_wizards/,1,2021-06-01 07:10:41,1
nqzmvk,[Highlight] Tyrese Maxey almost ends Anthony Gill,https://www.reddit.com/r/nba/comments/nqzmvk/highlight_tyrese_maxey_almost_ends_anthony_gill/,1,2021-06-03 05:09:03,8
nqzorf,"[Highlight] Maxey ""I am the Rookie and the Veteran"" ties the game",https://www.reddit.com/r/nba/comments/nqzorf/highlight_maxey_i_am_the_rookie_and_the_veteran/,1,2021-06-03 05:11:44,6
nqzxh4,[Highlight] Maxey finish the tough fast break basket,https://www.reddit.com/r/nba/comments/nqzxh4/highlight_maxey_finish_the_tough_fast_break_basket/,1,2021-06-03 05:24:49,34
nr23q9,"Rookie Tyrese Maxey with 13 points (6/14) 6 assists, 2 rebounds, 1 steal, and a plus minus of +14",https://www.reddit.com/r/nba/comments/nr23q9/rookie_tyrese_maxey_with_13_points_614_6_assists/,1,2021-06-03 07:23:00,73
nr2g71,[Highlight] Tyrese Maxey Full Game Highlights vs Wizards | ECQF Game 5,https://www.reddit.com/r/nba/comments/nr2g71/highlight_tyrese_maxey_full_game_highlights_vs/,1,2021-06-03 07:41:56,20
nufbkj,"Would a 3 team trade of CJ to Philly, Jerami Grant and Plumlee to Portland and Thybulle, Maxey and Little to Detroit be reasonable for all 3 teams?",https://www.reddit.com/r/nba/comments/nufbkj/would_a_3_team_trade_of_cj_to_philly_jerami_grant/,1,2021-06-07 20:59:38,64
o1usnd,Do 76ers fans still consider Maxey + Thybulle an overpay for Lowry?,https://www.reddit.com/r/nba/comments/o1usnd/do_76ers_fans_still_consider_maxey_thybulle_an/,0,2021-06-17 16:46:53,271
o2ws6s,"In hindsight, should the Sixers have offered Simmons, Maxey, Thybulle, and 3 first round picks for Harden?",https://www.reddit.com/r/nba/comments/o2ws6s/in_hindsight_should_the_sixers_have_offered/,12,2021-06-18 23:58:31,268
o35bdn,[Highlight] Tyrese Maxey splashes in another triple,https://www.reddit.com/r/nba/comments/o35bdn/highlight_tyrese_maxey_splashes_in_another_triple/,5,2021-06-19 07:06:11,22
o369gi,Tyrese Maxey 16/7/1 with 1 steal and 1 block and a team high +12 in a close win against Atlanta,https://www.reddit.com/r/nba/comments/o369gi/tyrese_maxey_1671_with_1_steal_and_1_block_and_a/,325,2021-06-19 08:05:48,179
o36ygn,"As a Sixers fan, I'm fully in on starting Tyrese Maxey next season! (Though it will most likely not happen due to age which should not be that important but...Doc..). So who are some realistic options Ben Simmons can be traded for?",https://www.reddit.com/r/nba/comments/o36ygn/as_a_sixers_fan_im_fully_in_on_starting_tyrese/,3,2021-06-19 08:49:37,52
o3er7i,Hawks vs Sixers- free throws and Tyrese Maxey.,https://www.reddit.com/r/nba/comments/o3er7i/hawks_vs_sixers_free_throws_and_tyrese_maxey/,1,2021-06-19 17:47:11,0
o3fn3j,Did Morey make the right move not including Maxey in the Harden trade? He just won them Game 6,https://www.reddit.com/r/nba/comments/o3fn3j/did_morey_make_the_right_move_not_including_maxey/,0,2021-06-19 18:32:45,65
o3i6sj,"[Bodner] After the game, rookie Tyrese Maxey was asked how he was preparing for a Game 7, which, it was pointed out, will be the first Game 7 of his career. ""You're right,"" Maxey said. ""(But) tonight was the first Game 6 of my career.""",https://www.reddit.com/r/nba/comments/o3i6sj/bodner_after_the_game_rookie_tyrese_maxey_was/,167,2021-06-19 20:41:20,260
o3jhqy,"Curry, Maxey Step Up in Game 6 to Keep Sixers' Season Alive",https://www.reddit.com/r/nba/comments/o3jhqy/curry_maxey_step_up_in_game_6_to_keep_sixers/,7,2021-06-19 21:40:11,16
o3qqxz,"[Neubeck] Doc Rivers asked whether he’s considering starting Tyrese Maxey, either alongside Ben Simmons or in place of him: “I’m not even going to answer that.” Points out that with Furkan starting they won last night, so sounds like it’ll probably be same again tomorrow",https://www.reddit.com/r/nba/comments/o3qqxz/neubeck_doc_rivers_asked_whether_hes_considering/,47,2021-06-20 03:22:15,54
o4j240,[CLIP REQUEST] Refs botch the call on a beautiful Tyrese Maxey block at the rim,https://www.reddit.com/r/nba/comments/o4j240/clip_request_refs_botch_the_call_on_a_beautiful/,1,2021-06-21 06:07:11,2
o4j30h,[Highlight] Lou Williams moves Maxey mid air and Maxey gets called for the foul,https://www.reddit.com/r/nba/comments/o4j30h/highlight_lou_williams_moves_maxey_mid_air_and/,1,2021-06-21 06:08:42,64
o4l7pr,"Following a Game 6 win where Tyrese Maxey had 16/7/1 and team high +12, Doc Rivers only played Maxey 14 minutes in this game and zero minutes in the fourth quarter.",https://www.reddit.com/r/nba/comments/o4l7pr/following_a_game_6_win_where_tyrese_maxey_had/,1,2021-06-21 08:12:49,45
o4m3xu,"Last March Daryl Morey implied the Raptors were “In La La Land” for asking for too much in a Lowry trade and stated Hill was “a high level two way player”. Tonight Maxey, Hill and Thybulle combined for 1 three pointer made.",https://www.reddit.com/r/nba/comments/o4m3xu/last_march_daryl_morey_implied_the_raptors_were/,1,2021-06-21 09:03:57,191
o4ndaa,"If the Sixers were offering Simmons, Maxey, and 2 first round picks, would Presti accept that as a salary dump?",https://www.reddit.com/r/nba/comments/o4ndaa/if_the_sixers_were_offering_simmons_maxey_and_2/,1,2021-06-21 10:20:46,8
o4nlz5,"I know this will never happen in a million years and this is me just brainstorming, but does Ben Simmons, Maxey, Thybulle, for kyrie make sense?",https://www.reddit.com/r/nba/comments/o4nlz5/i_know_this_will_never_happen_in_a_million_years/,1,2021-06-21 10:36:16,17
o516l1,[Hudrick] Tyrese Maxey said he spoke with Spencer Rivers (Doc’s son that works in player development) and said he wants to get back in the gym as early as Friday. Spencer said “no.”,https://www.reddit.com/r/nba/comments/o516l1/hudrick_tyrese_maxey_said_he_spoke_with_spencer/,7,2021-06-21 23:27:37,47
o62pea,"Maybe it’s just the haircut, but do Tyrese Maxey and Terrance Mann (both TM) feel like similar players to anyone else? Love watching both.",https://www.reddit.com/r/nba/comments/o62pea/maybe_its_just_the_haircut_but_do_tyrese_maxey/,1,2021-06-23 07:11:36,0
oizqc6,"[The Athletic] Whether it’s Tyrese Maxey, Matisse Thybulle or draft picks, Philadelphia would have to send one of those to Toronto in any sign-and-trade deal for Kyle Lowry. George Hill and Seth Curry would also have to be included in any deal to make the salaries work.",https://www.reddit.com/r/nba/comments/oizqc6/the_athletic_whether_its_tyrese_maxey_matisse/,1,2021-07-13 02:01:00,644
ojuca1,Is Tyrese Maxey or Matisse Thybulle the more valuable asset?,https://www.reddit.com/r/nba/comments/ojuca1/is_tyrese_maxey_or_matisse_thybulle_the_more/,1,2021-07-14 07:27:34,99
