Post ID,Title,Score,Publish Date,Total No. of Comments
kiftmw,"[Flick] Starters tonight's season opener: Stephen Curry, Kelly Oubre, Andrew Wiggins, Eric Paschall, and James Wiseman.",1,2020-12-23 04:05:36,137
kihvib,[Highlight] Oubre gets up for an insane putback,2,2020-12-23 05:53:51,429
kii0yx,Kelly Oubre is my dad,1,2020-12-23 06:01:58,1
kiifsa,[Highlight] Curry flips it behind his head to Oubre for the airball,2,2020-12-23 06:24:46,48
kiintc,Andrew Wiggins and Kelly Oubre combine for 4-20 FG at the half,1,2020-12-23 06:37:03,518
kiizv1,[Highlight] Oubre hammers it down with force,2,2020-12-23 06:55:37,26
kije0g,Who's better Kelly Oubre or Andrew Wiggins?,1,2020-12-23 07:18:09,2
kilo10,Why are you guys posting exciting highlightS by Kelly Oubre when he when 3-14!,1,2020-12-23 09:33:01,7
kipevx,Kyrie giving Oubre an grown man crate.,1,2020-12-23 14:02:46,8
kjla4w,Kelly Oubre lookalike dribbling tutorial,1,2020-12-25 01:02:39,4
kk5w70,"[Liffmann] Opening Night: Wiggins, Oubre Jr and Paschall combined 4-23 in the first half, 1-7 from 3 Today: Wiggins, Oubre Jr, and Paschall combined 5-22 in the first half, 0-8 from 3",1,2020-12-26 02:27:47,36
kk6dm9,Wiggins + Oubre or Cam Reddish + DeAndre Hunter,1,2020-12-26 03:00:11,6
kk6l62,I was told Steph‚Äôs gravity and the Warriors‚Äô system was gonna enhance Wiggins and Oubre who were held back by their previous shitty teams.,1,2020-12-26 03:14:21,52
kk6qo0,Andrew Wiggins and Kelly Oubre Jr combine for 15 points on 7-28 shooting,1,2020-12-26 03:24:41,298
kk6r8x,"[Highlight] Kelly Oubre went 1-on-3 and forced a shot over 3 defenders, Steph Curry and Steve Kerr were not pleased",1,2020-12-26 03:25:56,41
kk6yfn,Kelly Oubre is now 0/19 on non-dunk field goal attempts this season.,1,2020-12-26 03:38:47,8
kk70si,Kelly Oubre is now 0/19 on non-dunk field goal attempts this season.,1,2020-12-26 03:43:09,11
kk73hu,"This is sad. We need to see Harden in a Warriors uniform asap. Trade Wiggins, Oubre, Wiseman, Paschal, multiple picks for Harden and Tucker",1,2020-12-26 03:48:06,2
kk7hde,"[Slater] Steve Kerr on the Oubre/Wiggins early struggles: ""Kelly's going to be fine. Andrew's going to be fine. They're proven players in this league. I've got to do a better job of putting them in positions to get comfortable.""",1,2020-12-26 04:13:27,123
kk7vi6,Kelly Oubre is now 0/19 on non-dunk field goal attempts this season,1,2020-12-26 04:38:51,0
kk8i09,Curry‚Äôs reaction to Oubre shooting over 3 defenders,1,2020-12-26 05:20:34,0
kkfry3,Kelly Oubre is 0 for 20 on non-dunk attempts,1,2020-12-26 14:45:43,1
kkldx0,Warriors' Kelly Oubre off to historically bad 3-point shooting start,1,2020-12-26 22:09:45,56
kl5dc8,Warriors need Andrew Wiggins and Kelly Oubre to wake up,1,2020-12-27 20:54:13,62
kl63ok,Would you rather have Kelly Oubre or Kyle Kuzma on your team?,1,2020-12-27 21:39:01,61
klf0dg,Kellt Oubre Jr. Ain't that hot.,1,2020-12-28 05:51:45,0
klhij2,[Johnson] Oubre Jr is now 0-31 on non-dunk attempts this season.,1,2020-12-28 08:15:42,12
klic75,"Kelly Oubre last 3 games: 6 pts (3-14), 3 pts (1-10), 8 pts (3-16)",2,2020-12-28 09:05:14,5
klidja,Oubre drops 8 points on 3-16(0-6 from deep) in win vs Bulls,1,2020-12-28 09:07:25,121
kliey3,Kelly Oubre with his third stinker in a row (8/11 on 19%),1,2020-12-28 09:09:50,2
kliff8,"After tonight‚Äôs game, Kelly Oubre still has zero non dunk field goals made in the 2020-2021 season",1,2020-12-28 09:10:37,39
klj4bq,Kelly Oubre is now 1-33 on non dunk attempts,1,2020-12-28 09:54:29,134
kljezj,"Kelly Oubre has started the season 0 for 17 from 3. After 3 games, he has yet to make a 3 point bucket.",1,2020-12-28 10:13:36,57
kljmk9,"[ESPN Stats and Info] Kelly Oubre Jr. has still not made a three. His 17 attempts are the most without a make through 3 team games in NBA history. Oubre Jr. is off to the worst shooting start through 3 games in the Shot-Clock Era, which dates to 1954-55.",1,2020-12-28 10:27:03,31
klqweg,"[Reynolds] Kelly Oubre to start this season, through three games: - 6 dunks - 1 putback that I think he wanted to dunk but it hit the front of the rim before going down - 0 for 33 on all other shots",1,2020-12-28 19:20:17,16
kls68x,Kelly Oubre Jr. is off to the worst shooting start through 3 games since 1954-1955. His 17 attempts are the most without a make through 3 team games in NBA history.,1,2020-12-28 20:39:34,2
kls90o,Kelly Oubre Jr. is off to the worst shooting start through 3 games since 1954-1955. His 17 attempts are the most without a make through 3 team games in NBA history.,1,2020-12-28 20:44:06,115
klvfv1,Kelly Oubre - Monte Morris trade at the deadline?,1,2020-12-28 23:33:59,25
klwkkt,"Rank these players: Bagley, Oubre, Dillon Brooks, Jackson Jr.",1,2020-12-29 00:30:37,26
klzjop,"In attempting to replace Klay Thompson's second option production, Andrew Wiggins and Kelly Oubre Jr. are a combined 4 of 30 from the three point line.",1,2020-12-29 03:03:02,43
km3ukl,Kelly Oubre is shooting 7/40 (17.5%) from the field and 0/17 (0%) from three,1,2020-12-29 06:53:10,2
kmb45u,"The Chicago Bulls broadcast posted a picture titled ""Replacing Klay With Bricks"" with images of Andrew Wiggins and Kelly Oubre Jr",1,2020-12-29 14:53:07,16
kmi3kh,Players with more shots than points to start the season: Donovan Mitchell (62-61) Andrew Wiggins (49-44) Devonte' Graham (44-37) Russell Westbrook (41-36) Kelly Oubre (40-17) LaMarcus Aldridge (38-36) Marvin Bagley (38-37) Eric Bledsoe (33-30) Jae Crowder (25-23) Killian Hayes (25-20),1,2020-12-29 22:28:26,542
kmqm3y,Breaking: Kelly Oubre has hit a 3,1,2020-12-30 05:48:33,2
kmqn7i,[Highlight] Kelly Oubre makes his first 3 of the season after missing first 17,1,2020-12-30 05:50:14,136
kmqnp9,[Highlight] Oubre knocks down a 3,1,2020-12-30 05:50:55,3
kmvlvd,Javale McGee has hit more 3s this season than Kelly Oubre.,1,2020-12-30 10:38:06,3
kmxp71,Should Golden State start JTA over Oubre?,1,2020-12-30 12:59:41,2
kmxqhg,Should Golden State start JTA over Oubre once Draymond returns?,1,2020-12-30 13:02:26,14
knt6sd,"[MacMahon] Per @ESPNStatsInfo, the two worst 3-point percentages with a minimum of 20 attempts through four games in NBA history: Kelly Oubre: 4.8% (1-of-21) Luka Doncic: 9.5% (2-of-21)",1,2020-12-31 22:08:18,48
knt7ar,"[MacMahon] Per @ESPNStatsInfo , the two worst 3-point percentages with a minimum of 20 attempts through four games in NBA history: Kelly Oubre: 4.8% (1-of-21) Luka Doncic: 9.5% (2-of-21)",1,2020-12-31 22:09:03,4
knu26d,"[MacMahon] Per ESPNStatsInfo, the two worst 3-point percentages with a minimum of 20 attempts through four games in NBA history: Kelly Oubre: 4.8% (1-of-21) Luka Doncic: 9.5% (2-of-21)",1,2020-12-31 22:53:45,141
konetz,Kelly Oubre this season has taken 50 shots and only has 31 points,1,2021-01-02 06:34:07,1
kor29v,"What's prettier, Melo's jumper or Oubre?",1,2021-01-02 10:18:58,9
kotdad,"After tonight‚Äôs game, Kelly Oubre Jr. is shooting 4% from downtown on 5 attempts per game. Four percent.",1,2021-01-02 13:06:27,31
koukqa,"After tonight‚Äôs game, Kelly Oubre Jr. is shooting 4% from downtown on 5 attempts per game. Four percent.",1,2021-01-02 14:51:01,6
koupgz,"Wiggins, Oubre and TWolves picks for Lavine and Otto Porter a fair trade?",1,2021-01-02 15:02:24,30
koy7mu,Wiggins and Oubre have their best seasons under Rubio but cannot thrive with Curry‚Äôs gravity? What gives?,1,2021-01-02 19:51:35,108
kozj3n,The Warriors are spending $82.4 million including luxury-tax for Kelly Oubre this season. He's currently averaging 8.2 PPG on 27/4/60 shooting splits,1,2021-01-02 21:11:47,999
kp9fju,Kelly Oubre Jr. is shooting 3.5% on open jump shots this year,1,2021-01-03 05:53:18,117
kpgkey,Here is a career high game from Kelly Oubre Jr to reset our optimism,1,2021-01-03 13:22:09,4
kpm94c,Oubre is not costing the Warriors $80 million in luxury tax,1,2021-01-03 20:48:21,21
kpzylm,[Highlight] Oubre hits a 3,1,2021-01-04 08:47:38,44
kq0qv4,The Golden State Warriors are 2-0 when Kelly Oubre hits a 3 pointer,2,2021-01-04 09:32:43,0
kq0ttc,The Golden State Warriors are 2-0 when Kelly Oubre hits a 3 pointer,1,2021-01-04 09:37:20,2
kq0wgp,[Highlights] The Golden State Warriors are 2-0 when Kelly Oubre drills a 3,1,2021-01-04 09:41:46,18
kq14w5,Steph Curry scored more points tonight than Kelly Oubre has all season so far,1,2021-01-04 09:55:38,8
kqgxi1,"Assuming they still trade for Oubre, where would you have the Warriors finishing this season with a healthy Klay?",1,2021-01-05 01:48:53,45
kqq6pr,[Highlight] Oubre finds Wiseman for the monster alley-oop jam,1,2021-01-05 09:39:07,133
kqqarv,[Highlight] Kelly Oubre Jr celebrates thinking his shot went in and the Warriors bench is embarrassed for him,1,2021-01-05 09:45:31,270
kqqryt,"Kelly Oubre was 2-30 from 3 going into tonight's game, he's 3-5 tonight",1,2021-01-05 10:13:37,23
kqqv2w,[Highlight] Oubre drill his third 3 of the night and blows a kiss at the Kings bench,1,2021-01-05 10:18:43,3
kqqwav,[Highlight] Oubre hits his 3rd three of the game and blows a kiss to the Kings bench,1,2021-01-05 10:20:46,63
kqqwm5,[Highlight] Oubre drills his third 3 of the night and blows some kisses at the Kings bench,1,2021-01-05 10:21:19,4
kqr79v,Kelly Oubre Jr tonight 18 points on 6-13 shooting including 4-6 from 3,1,2021-01-05 10:38:49,48
kqr9qj,"Kelly Oubre Jr in tonight's Warriors win against the Kings: 18 pts, 3 reb, 2 ast, 1 stl, 2 blk, 1 blown kiss, 6-13 from the field and 4-6 from downtown",1,2021-01-05 10:43:03,2
kqrcha,"[Highlights] With Tonight's blowout win over the kings, the Golden State Warriors are 3-0 everytime Kelly Oubre drills a 3 point shot !",1,2021-01-05 10:47:48,40
kqsgbl,Kelly Oubre tripled his assist total for the season in the Warriors win over the Kings,1,2021-01-05 11:59:19,2
kqsilc,Kelly Oubre triples his assist total for the season in the Warriors win over the Kings,1,2021-01-05 12:03:41,2
kr2lyw,Kelly Oubre Jr since starting 6.67% from 3PT range is shooting a salaciously hot 66.7% for the season!!!,1,2021-01-05 22:38:13,0
ks6umo,Kelly Oubre Jr. is a basketball himbo,0,2021-01-07 11:16:15,4
ks77xa,How much would Oubre get as a FA this offseason?,1,2021-01-07 11:41:56,2
ktkddu,Warriors Oubre trade ideas,1,2021-01-09 10:31:48,2
ktkuew,Does GS need to get rid of Oubre asap and for who?,1,2021-01-09 11:02:34,31
ktkvi4,Warriors should bench Kelly Oubre. He is -25 for the game,1,2021-01-09 11:04:33,2
ktkvyj,Kelly Oubre was a -25 in a 10 point win over the Clippers tonight,1,2021-01-09 11:05:22,171
ktkxs6,Is it irrational to suggest that Damion Lee should be starting over oubre?,1,2021-01-09 11:08:55,77
ktoet2,"[Slater] Steve Kerr said ""I don't anticipate"" changing the starting lineup: ""It's so early in the season. I want Kelly (Oubre) to gain some rhythm and some confidence. He's a proven player. He's been doing this for years. He'll get going.""",1,2021-01-09 15:46:19,33
ktu39c,"Kelly Oubre last night: 6 points, 5 rebounds, 0 assists, 3 TO, 2/7 from field and 0/3 from 3 and most of all MINUS TWENTY FIVE",1,2021-01-09 22:06:00,29
ktxxdw,"Stephen Curry is currently leading the league in OPA (Offensive Points Added). Conversely, Kelly Oubre is currently ranked last in this statistic.",1,2021-01-10 01:18:20,0
ktxznd,"Crazy Stat: Golden State is currently 19th in 3pt%. If Kelly Oubre had not shot any 3s this season, they‚Äôd be 4th.",13,2021-01-10 01:21:33,476
ktz5c2,What kind of contract do you see Kelly Oubre getting this offseason?,3,2021-01-10 02:21:20,34
ku028z,How should the Warriors solve their problem with Oubre?,1,2021-01-10 03:09:28,38
ku107p,"ESPN has posted u/dvasquez93 ‚Äòs post about Kelly Oubre on their Sportscenter instagram account, fully giving him credit",19,2021-01-10 03:58:25,216
ku36s3,Kelly oubre is trash,1,2021-01-10 05:54:15,2
ku8on2,Clip of Steph Curry remonstrating Kelly Oubre for standing in Curry's spot,1,2021-01-10 11:22:29,78
kubhkx,"Crazy stat of the day: Golden state is currently 19th in 3pt%. If Kelly Oubre had not attempted a single 3, Golden state would be ranked 4th.",1,2021-01-10 15:00:33,4
kuuvf5,The Warriors still haven‚Äôt lost when Oubre makes a 3.,48,2021-01-11 09:40:17,55
kuuyd1,Kelly Oubre Leprechaun powers deliver again !! The Warriors are now 4-0 when Kelly hits a three. The warriors beat the Raptors tonight!,1,2021-01-11 09:45:01,0
kuvl1o,[Highlight] Wiggins and Oubre left wide open in the paint,10,2021-01-11 10:23:53,83
kuw3vo,[Highlight] Oubre 'distracts' Lowry on a free throw attempt in the fourth quarter,8,2021-01-11 10:56:14,168
kuylfp,Oubre with the impeccable free throw defense,1,2021-01-11 13:53:53,11
kv5y1n,"League's most expensive player Kelly Paul Oubre Jr. shot 1/6 from deep in last night's game versus Toronto Raptors. With his fantastic shooting night, he improved his season three point percentage from .133 to .137.",5,2021-01-11 21:52:55,34
kw8cgz,[Clip Request] Steph yelling at Oubre to get out of the way,5,2021-01-13 09:22:46,7
kw8evt,[Highlight] Oubre great defense on Steph Curry,1,2021-01-13 09:26:39,4
kw8kyr,[Highlight] Oubre fails to get out of the way ends up colliding with Steph,1,2021-01-13 09:36:16,2
kwahja,The Warriors have finally lost in a game where Kelly Oubre makes a 3 pointer.,1,2021-01-13 11:35:22,0
kwaji1,The Warriors suffer their first loss in games where Oubre has made a 3 pointer,1,2021-01-13 11:39:08,7
kwblu0,Do you think Kelly Oubre has business significance?,1,2021-01-13 12:56:17,33
kxait6,Doncic and Oubre are the two most attractive player in the league,0,2021-01-14 23:11:58,53
kxlryn,[Highlight] Barton fouls Oubre on his beautiful face,1,2021-01-15 08:47:45,35
kxojuc,Who says No? Oubre And Draymond For Beal and Wagner,1,2021-01-15 11:40:02,0
kxydmh,"NBA's Kelly Oubre Claims Ex-GF Tried To Extort Him For $3 Mil, Or She'd Smear His Name",1,2021-01-15 22:18:08,0
ky04fu,"NBA's Kelly Oubre Claims Ex-GF Tried To Extort Him For $3 Mil, Or She'd Smear His Name",1,2021-01-15 23:38:02,0
ky059w,"NBA's Kelly Oubre Claims Ex-GF Tried To Extort Him For $3 Mil, Or She'd Smear His Name",1,2021-01-15 23:39:05,0
ky3lmg,"[Highlight] De'Aaron Fox on Kelly Oubre: ""Kelly was fucking 1/40, and he hits 4 threes against us.""",25,2021-01-16 02:23:58,256
kyoje7,Lonzo Ball shooting worse than Kelly Oubre now?,1,2021-01-17 00:09:41,0
kyovi5,Lonzo Ball/Kelly Oubre,1,2021-01-17 00:26:45,0
kzk0dq,‚ÄúKelly Oubre was extorted‚Äù: Warriors swingman embroiled in court dispute with ex-girlfriend in extortion suit to the tune of $3 million,1,2021-01-18 07:01:28,121
l0b4i1,[Highlight] Steph with the sweet hesitation move followed by a no look pass to a cutting Oubre for the slam,1,2021-01-19 08:58:27,8
l0bjx6,[Highlight] Oubre bullies his way through Kuzma for 2 and flexes on him,1,2021-01-19 09:22:09,40
l0bkrc,[Highlight] Kelly Oubre gets a technical for blowing a kiss for Montrezl,2,2021-01-19 09:23:24,314
l0bsgc,Kelly Oubre Jr Blows Montrezl Harrell a Kiss Then Gets T'd!,1,2021-01-19 09:35:45,0
l0bwyw,[Highlight] Oubre misses the dunk on one end and gets a three hit in his face on the other,1,2021-01-19 09:43:33,32
l0c32r,Wiggins/Oubre - gritty gym rat hustlers,1,2021-01-19 09:53:55,13
l0e3qt,[Highlight] Kelly Oubre shoots his shot with Montrezl Harrell and blows him a kiss,1,2021-01-19 12:02:13,18
l0ldul,Who do you think the best player the warriors can get for wiggins and oubre?,1,2021-01-19 20:25:37,37
l0wrb5,[ESPN] If Kelly Oubre Jr. consistently knocks down 3s the Warriors will be ‚Äòscary‚Äô - Paul Pierce | The Jump,4,2021-01-20 05:27:03,103
l18jty,Can the Warriors retain Oubre next year? Do you think they will?,1,2021-01-20 18:20:14,32
l1rg0z,Kelly Oubre just got a technical for putting his hand up.,1,2021-01-21 10:28:12,19
l1rix6,"Based on the past two Warrior games, Oubre Valid?",1,2021-01-21 10:33:08,2
l1rjj7,[Highlight] Oubre with the monster putback,3,2021-01-21 10:34:13,62
l1rjzw,[Highlight] Oubre recovers and finishes.,1,2021-01-21 10:35:04,15
l1rl4z,"Based on the past two Warriors games, you guys think Oubre is valid?",1,2021-01-21 10:37:06,52
l3qwmr,[Highlight Request] Joe Ingles chase down block on Kelly Oubre.,1,2021-01-24 08:23:49,16
l3rknm,[Highlight] Joe Ingles hustles back and gets an amazing chase down block on Kelly Oubre.,1,2021-01-24 09:03:59,35
l4omdh,"[TomHaberstroh] Presenting all 3 of Kelly Oubre's ""assists"" to Stephen Curry this season. Note that Oubre has played a team-high 404 minutes with Curry this season. Also note that the first clip, maybe Oubre's only legitimate assist to Curry this season, took place in Minute 3 of 404. https://t.co",1,2021-01-25 19:43:17,0
l4osgx,"[Haberstroh] Presenting all 3 of Kelly Oubre's ""assists"" to Stephen Curry this season. Note that Oubre has played a team-high 404 minutes with Curry this season. Also note that the first clip, maybe Oubre's only legitimate assist to Curry this season, took place in Minute 3 of 404.",1,2021-01-25 19:52:54,0
l4xksf,Is Oubre single handily the difference between GS being good and bad? Does he have too much pressure on him or is this just who he is?,1,2021-01-26 02:37:22,0
l564wo,[Highlight] Marquese Chriss calls the Kelly Oubre three,1,2021-01-26 09:56:29,1
l56ab7,[Highlight] Marquese Chriss calls the Kelly Oubre three,1,2021-01-26 10:05:43,2
l57mg9,What‚Äôs the best player the warriors could get for oubre and the min pick?,1,2021-01-26 11:29:55,0
l69dlg,Kelly Oubre Jr.,1,2021-01-27 22:46:06,5
l6nh3f,[Highlight] Ed Davis gets called for a flagrant 2 and is ejected for hitting Kelly Oubre in the head.,99,2021-01-28 09:33:08,161
l6njt6,[Highlight] Layman lays out Oubre &amp; Oubre decides to get some pushups in.,57,2021-01-28 09:36:56,61
l6nupk,I don‚Äôt think people make a big enough deal about Kelly Oubre having a Mao Zedong tattoo.,16,2021-01-28 09:53:27,84
l6nw83,Ed Davis Hard Hit to Kelly Oubre Jr's Head Gets Ejected!,1,2021-01-28 09:55:43,0
l6owfj,[Highlight] Naz Reid meets Kelly Oubre at the summit!,13,2021-01-28 10:51:19,28
l6pkaq,"[Slater]: Steve Kerr on the Kelly Oubre trade rumors: ""It's unfortunate. Team called us and asked about him. Didn't even make an offer, asked about Kelly. Next thing it's online.""",12,2021-01-28 11:31:08,20
l6pmy7,Oubre after the Pelicans trade talk: 20 points on 93% TS,7,2021-01-28 11:35:28,39
l6qmkg,Is Oubre someone the Warriors should try to keep next year?,1,2021-01-28 12:39:29,33
l6r97e,[95.7 The Game] ‚ÄúIt‚Äôs unfortunate. A team called us and didn‚Äôt even make an offer. Just asked about Kelly. Next thing we know it‚Äôs online.‚Äù Steve Kerr on Kelly Oubre trade rumors,1,2021-01-28 13:22:38,1
l760sq,What do the Pelicans see in Oubre?,4,2021-01-29 00:55:01,51
l7jxa8,Kelly Oubre and Draymond Green combine for an impressive 6 points on 2-18 shooting (0-6 from 3) in a combined 51 minutes,1,2021-01-29 10:34:52,96
l7k0jd,"Kelly Oubre Jr. in tonights return and blowout Warriors loss to Phoenix: 4 pts on 1-11 shooting, 0-5 from 3, and -17 in 26 mins",1,2021-01-29 10:39:25,3
l7k7mp,Can someone explain to me what‚Äôs happening with Kelly Oubre Jr?,1,2021-01-29 10:49:29,58
l7t1kh,[OC] Kelly Oubre has the league's worst 3P% (22.1%) despite taking a higher share of uncontested 3s than just about anyone else,1,2021-01-29 19:23:30,0
l9033w,If you're the Warriors would you rather have Lonzo Ball over Kelly Oubre?,1,2021-01-31 06:04:19,38
l90pp5,Steve Kerr says Oubre trade rumors leaks were 'frustrating‚Äô,1,2021-01-31 06:35:50,31
l95b8w,"Kelly Oubre in tonight's Warriors win against the Pistons: 18 pts, 8/14 fgs, 2-6 from 3, 6 rebs, 1 ast, 1 blk and +24 in 27 minutes",1,2021-01-31 10:45:13,43
l98sl8,"Oubre forgets THE PLAY again, and does not pass to the relocated Steph. He bails himself out by hitting the 3 on the second chance. Later he hits himself in the head and seems to be blaming himself for the mistake.",13,2021-01-31 14:42:42,14
l9msw3,Career 32% three-point shooter Kelly Oubre is shooting 32% over his last ten games,520,2021-02-01 03:12:34,78
lad40q,"[Windhorst] ""There have also been rumors about Kelly Oubre-Lonzo Ball trade. I mean that's no secret, that's sort of been out there.""",41,2021-02-02 01:55:17,160
laeik9,The Golden State Warriors and New Orleans Pelicans have discussed a trade centered on Kelly Oubre Jr. for Lonzo Ball. The Chicago Bulls also have some level of interest in Ball.,1,2021-02-02 02:51:17,2
laeitz,[RealGM] The Golden State Warriors and New Orleans Pelicans have discussed a trade centered on Kelly Oubre Jr. for Lonzo Ball. The Chicago Bulls also have some level of interest in Ball.,1,2021-02-02 02:51:36,2
laggk9,Should the Warriors try to trade Oubre or do they have to live with him and hope he turns it around?,2,2021-02-02 04:12:34,46
lai7ic,Just found out I'm writing an article for newspaper about Kelly Oubre...,1,2021-02-02 05:31:06,2
lai9wu,Just found out I'm writing a newspaper article about Kelly Oubre...,1,2021-02-02 05:34:02,2
lana3j,[StatMuse] Luka's three point shooting just behind Kelly Oubre,385,2021-02-02 09:51:45,423
lbe6go,[Highlight] Kelly Oubre puts Daniel Theis on a poster,147,2021-02-03 08:44:45,42
lbeuaa,[Highlight] Kelly Oubre misses the wide open jam,87,2021-02-03 09:20:51,45
lbewsu,Kelly Oubre Jr Poster Dunk On Daniel Theis has Steph Curry Laughing!,1,2021-02-03 09:24:49,0
lbhyu7,"Kelly Oubre is costing GSW $68 million in luxury taxes. Half of luxury taxes are spread among non-tax paying teams. There are 23 of them, per Spotrac. Other teams are getting paid $1.5 million for Oubre to miss shots against them.",1074,2021-02-03 12:33:49,226
lbme1g,"[Poole] Warriors were outrebounded by 15, Stephen Curry grabbed 11 (Draymond had 11 too). Andrew Wiggins, Kelly Oubre Jr. &amp; Eric Paschall combined for 3.",0,2021-02-03 17:51:55,0
lbqow9,Me and Kelly Oubre üòò,0,2021-02-03 21:28:58,9
lbqtlq,Warriors' tax bill projected to drop $66M based on NBA revenue (Oubre is not actually costing the Warriors $68 million in tax money),654,2021-02-03 21:34:21,157
lbt6xz,"""Entering Tuesday, when Curry has shared the court with Oubre, the Warriors have been outscored by seven points per 100 possessions. Take Oubre out... and Golden State is winning those minutes by 16.2 per 100 with an offensive rating of 128.7, which would by far rank as the best mark in the league.""",135,2021-02-03 23:11:07,53
lc2pci,If Kelly Oubre Jr. has been playing so badly how come Steve Kerr is still playing him a lot?,30,2021-02-04 05:54:25,44
lcawf0,If Oubre could just be an average shooter would that change a lot of things for the Warriors?,4,2021-02-04 13:34:50,28
lf2zjt,Lonzo Ball vs Kelly Oubre,1,2021-02-08 09:04:06,0
lfsned,[Highlight] Kelly Oubre with the tunnel vision,1,2021-02-09 08:10:56,153
lglh9b,Oubre blows kisses to the Spurs bench after a made 3,1,2021-02-10 09:33:51,0
lgll0g,[Highlight] Oubre blows kisses to the Spurs bench after a made 3,95,2021-02-10 09:39:58,69
lgo1j1,Curry celebrates Kelly Oubre Jr (.293 from 3 this season)'s 3 before it goes in,1,2021-02-10 12:22:05,2
lh4a2o,[Highlight] Curry no-look celebration before Kelly Oubre Jr. shoots the 3 (29.3% on the season),16,2021-02-11 02:53:22,37
lh5dnd,[Highlight] Curry does no-look celebration before Oubre (.293 season 3FG%) hits the 3,27,2021-02-11 03:40:52,26
lhpn8l,Where does Oubre fall on the rank of worst players to ever score 40 points?,1,2021-02-11 22:56:04,0
li18to,"The Warriors are the only team with 3 players in the top 10 of defenders by defended field goal percentage (min. 200 DFGA) with Andrew Wiggins (4th), Draymond Green (9th), and Kelly Oubre Jr. (10th)",1,2021-02-12 07:45:29,36
li49l9,[Highlight] The Beauty and the Beast connection leads to an Oubre 2 handed hammer.,1,2021-02-12 10:39:39,70
li4agl,[Highlight] Draymond leads the fastbreak and finds Oubre for the slam as Warriors pile on thr pressure on Magic,1,2021-02-12 10:41:11,2
lihdq6,"Does anyone else feel the mods delete posts they talk negative about Stephen Curry, but allow threads that bash Westbrook/Doncic/Trae/Oubre etc.",1,2021-02-13 00:02:18,0
lj0i05,"Who says no, Warriors or Hornets? Gordon Hayward for Kelly Oubre, Kevin Looney, and James Wisemen?",1,2021-02-13 18:54:53,0
ljer10,[Highlight] Kelly Oubre swats KD's lay up attempt,1,2021-02-14 07:28:26,46
ljhk39,"[Hutchinson] Actual question to Kelly Oubre and answer:""What did you see out there tonight when the Warriors and Brooklyn Nets got together to play a basketball game?"".. Oubre: ""A basketball game... One team came out victorious and one team lost.""",1,2021-02-14 10:16:24,6
ljuuzl,"Just realized that a lot of the guys who were struggling from 3 at the beginning of the season, have turned it around recently (Lonzo Ball, Devonte' Graham, Luka Doncic, Kelly Oubre Jr, etc).",1,2021-02-15 00:35:10,40
ljw6hj,[HIGHLIGHT] Kyrie Irving with the solid post defense on Draymond Green before getting tea- bagged by Kelly Oubre.,1,2021-02-15 01:37:39,2
ljw8b9,[HIGHLIGHT] Kyrie Irving with the solid post defense on Draymond Green before getting tea-bagged by Kelly Oubre.,1,2021-02-15 01:40:08,26
lk2dcf,How meditation helped Kelly Oubre Jr. break through with Warriors,1,2021-02-15 06:53:56,4
lkvf37,[Highlight] Draymond with the connection to Kelly Oubre Jr!,1,2021-02-16 09:37:52,1
lkwv2o,Where's that Kelly Oubre photo where he's majestically sandwiched between two dudes?,1,2021-02-16 10:59:53,35
lmdqod,[Highlight] Oubre and Curry take turns blowing air kisses after hitting back to back 3s,1,2021-02-18 10:01:13,42
lmpbiz,"Warriors Players Who Should Be Shopped at 2021 NBA Trade Deadline (Bazemore, Oubre &amp; Wiseman)",1,2021-02-18 21:01:16,16
lmv2qr,"Warriors PR: ‚ÄúThe Warriors have four 20-point scorers in the same game (Kent Bazemore, Stephen Curry, Kelly Oubre Jr., Andrew Wiggins) for the first time since Nov. 23, 2016 vs. the Lakers (Curry, Kevin Durant, Klay Thompson, Ian Clark)‚Äù",1,2021-02-19 01:03:18,59
lmwre2,"Since going 1-11 for 4 points against the Suns, in the last 10 games Kelly Oubre has averaged 19.1/6.5/1.7 on 48/45/74 shooting",1,2021-02-19 02:15:59,0
ln5hla,Should Oubre take less money to contend on GS next year?,1,2021-02-19 08:58:32,38
lomaw4,[Highlight] Oubre with a putback slam on Jalen McDaniels,34,2021-02-21 07:23:54,23
lombqx,[Highlight] Oubre celebrates with the roar after the emphatic put back dunk,1,2021-02-21 07:25:21,1
lonpb0,[Highlight] Rozier hits the tough step back 3 over Oubre.,45,2021-02-21 08:44:59,12
lonqcn,[Highlight] Oubre buries the corner 3 to beat the shot clock,38,2021-02-21 08:46:45,7
lozw7u,Kelly Oubre in the last 10 games: 20.4/6.5/1.6/1.3 on .485/.464/.703 shooting splits.,3,2021-02-21 21:26:17,113
lr0io0,[Highlight] Oubre tries to put back Curry's miss from 5 feet away.,2614,2021-02-24 07:37:09,353
lr1yea,[Highlight] Curry blows by the Knicks and slips a beautiful pass to Oubre for the clutch two,722,2021-02-24 08:29:45,36
lr1yui,[Highlight] Curry finds Oubre open for the dunk in crunch time.,19,2021-02-24 08:30:19,20
lr20ih,[Highlight] Oubre Jr strips Randle in the clutch and taunts him,1656,2021-02-24 08:32:37,406
lr20wz,[Highlight] Oubre gets the clutch steal on Randle,2,2021-02-24 08:33:11,4
lr240q,"Kelly Oubre Jr gets 1 dunk, 1 steal, and 1 block in the final 30 seconds of the game. This man never stops playing",259,2021-02-24 08:37:36,46
lr3vsx,Kelly Oubre Jr disrespectful block on Derrick Rose in Garbage time. Good hustle though...,2,2021-02-24 10:11:09,6
lrgsc9,"Since shooting 13.7% from 3 for the first 10 games of the season, Kelly Oubre Jr. is at 39.5% from 3 over the last 22 games",1,2021-02-24 21:56:37,0
lri59x,"Kelly Oubre gets 6 points, 1 steal, 1 block in final 2 minutes. Is Tsunami Papi back?",1,2021-02-24 22:52:18,4
lrji89,[Highlight] Kelly Oubre Jr Tries to Dunk 5 feet away,1,2021-02-24 23:47:34,0
lsk6sy,Who‚Äôs a better player? Kelly Oubre Jr. or Kyle Kuzma? ü§î,1,2021-02-26 05:05:24,0
ltfe8m,[Highlight] Kelly Oubre with the two handed tomahawk,602,2021-02-27 09:10:32,74
ltfeuy,[Highlight] Kelly Oubre blows a kiss after LaMelo airBalls the three,1302,2021-02-27 09:11:32,174
lthtw0,"Kelly Oubre Jr had 6 dunks in the first quarter, all of them assisted by draymond green.",442,2021-02-27 11:39:55,17
lthw5l,Kelly Oubre is currently shooting .412% (42-103) from the 3 point line.,24,2021-02-27 11:44:06,13
ltlh2f,What a turnaround for Kelly Oubre Jnr. in February,115,2021-02-27 16:06:49,15
lxsz1c,Am I the only one who thinks Kelly Oubre Jr. is no longer the most attractive player in the league?,1,2021-03-05 00:58:38,0
m1o4ls,"Kelly Oubre Jr calls Jrue Holiday the toughest matchup in the league and one of his favourite players, while Stephen Jackson &amp; Matt Barnes agree.",1,2021-03-10 08:51:49,121
m2d1rx,Why does Kelly Oubre Jr. get to have a highlight reel on the NBA's official IG?,1,2021-03-11 05:40:41,12
m2z1nd,Kelly Oubre JR on Warriors: ‚ÄúI would really love to make this a home for me in the future.‚Äù,1,2021-03-12 01:18:55,32
m2zppn,"Oubre admits contract, Dubs' finances led to added pressure: ‚ÄúWhen I first got here, to the Warriors, I was feeding into all the pressure of the salary-cap stuff, the contract year.‚Äù",1,2021-03-12 01:48:31,50
m3b7x0,"Stephen Curry Trying to Hype Up Kelly Oubre and Wiggins , wiggins not even looking",1,2021-03-12 11:26:48,0
m4ni5p,Who looks better Kelly Oubre Jr or Kevin Porter Jr?,1,2021-03-14 09:36:57,2
m4nr47,Who looks better Kelly Oubre jr or Kevin Porter Jr?,1,2021-03-14 09:51:44,2
mgq1zc,[Stein] Among the options the Nets explored before the deadline was sending Dinwiddie to Golden State for Kelly Oubre. Golden State rejected those overtures because it is still desperate to make the playoffs.,1,2021-03-31 02:37:29,56
mixmdh,"Spencer Dinwiddie: Warriors offered Kelly Oubre for me and the Nets declined, not the other way around",1,2021-04-03 06:04:31,0
mixnew,"Spencer Dinwiddie: They lied about that sh*t, the Warriors actually offered Oubre for me and the Nets declined",1,2021-04-03 06:06:19,1
mixqjt,"Spencer Dinwiddie says, ‚ÄúThey actually lied about that sh*t because the Warriors offered Kelly Oubre for me &amp; the Nets declined.‚Äù",1,2021-04-03 06:11:30,0
mixs9c,"Spencer Dinwiddie refutes Marc Stein‚Äôs report that the Nets offered him to Golden State for Kelly Oubre and the Warriors declined. Dinwiddie says, ‚ÄúThey actually lied about that sh*t because the Warriors offered Kelly Oubre for me &amp; the Nets declined.‚Äù",1,2021-04-03 06:14:22,2
mixt8p,"Spencer Dinwiddie says, ‚ÄúThey actually lied about that sh*t because the Warriors offered Kelly Oubre for me &amp; the Nets declined.‚Äù",1,2021-04-03 06:16:03,149
miymky,"Recently Kelly Oubre said he was not willing to come off the bench when Klay returns next year. Tonight he dropped 9 points on 3-11, 7 boards, 1 assist, and 2 turnovers. He was a team worst -37",1,2021-04-03 07:05:52,349
mj9xez,"Spencer Dinwiddie: ""The Warriors offered Kelly Oubre for me and the Nets declined.""",1,2021-04-03 20:18:02,47
mkoga4,"Andrew Bogut on Kelly Oubre saying he wouldn't come off the bench next season: ""Warriors players didn't take lightly to that comment. They made it known Iguodala, a Finals MVP was OK with coming off the bench but Kelly MFing Oubre won't. It was to his face from an unknown player in the locker room""",1,2021-04-05 21:48:52,670
mkp99x,Warriors turned down Lonzo Ball and a pick for Kelly Oubre,1,2021-04-05 22:24:54,0
mkq9y2,[Andrew] Bogut says the Warriors rejected a Lonzo Ball/Kelly Oubre swap,1,2021-04-05 23:09:44,168
mkqa0g,Bogut on Oubre: Warriors rejected a Lonzo Ball/Kelly Oubre swap,1,2021-04-05 23:09:49,0
mkqp0c,The overall reaction to Oubre saying he won't come off the bench next season is showing this sub's age.,1,2021-04-05 23:28:37,47
mkra06,Kelly Oubre jr. wants to be a starter and wants to get paid big. What teams will be a good fit for him in free agency?,1,2021-04-05 23:53:59,106
mkt4hq,"[Andrew Bogut on the upcoming Kelly Oubre FA situation] An unnamed Warriors player said: ""Andre Iguodala, a finals MVP was okay with coming off the bench, but we have Kelly MF Oubre who won't""",1,2021-04-06 01:16:02,1
mkt6on,"[Andrew Bogut on the upcoming Kelly Oubre FA situation] An unnamed Warriors player said: ""Andre Iguodala, a finals MVP was okay with coming off the bench, but we have Kelly MF Oubre who won't""",1,2021-04-06 01:18:46,168
mkvnjo,"Kelly Oubre Jr posts on his Instagram Story, implying that there are lies floating around him about him",1,2021-04-06 03:10:33,21
ml6bus,Do you guys think Kelly Oubre Jr. is on the level of Luka,1,2021-04-06 13:09:42,2
mlitdt,"Warrior fans should not give up on Oubre, he is a Luka level talent",1,2021-04-07 00:21:58,12
mlsqru,[Highlight] Bobby Portis quite literally almost ends Kelly Oubre,1,2021-04-07 08:31:22,10
mlt1ff,"CLIP REQUEST Oubre smacks draymond in the face during a loose ball and Draymond loses it out of bounds and asks ""how is that not a foul """,1,2021-04-07 08:48:26,2
mlt2pz,"Clip Request- Oubre waps Draymond across the face during loose ball scramble. Draymond falls out of boundaries and asks ""how is that not a foul?""",2,2021-04-07 08:50:29,7
mltp1i,Where are some potential landing spots for Kelly Oubre Jr next year and what is the reason for his declining play this season?,1,2021-04-07 09:27:34,43
mmc4yb,Kelly Oubre Jr. CarMax commercial,1,2021-04-08 02:43:50,18
mnf7d4,Kelly Oubre Jr.: Calling Players Nowadays Like LeBron the GOAT Is 'Disrespectful' to Jordan and Kobe.,1,2021-04-09 17:01:55,1
mrgt5m,"Addition by Subtraction? In a League where scoring efficiently matters more than ever. Kelly Oubre‚Äôs 44/32/70 splits put him among the worst starting wings in the league. When you combine that with his poor IQ, passing, and overrated defense, it‚Äôs doubtful Oubre fits the Warriors‚Äô long term future.",1,2021-04-15 20:46:42,2
msjh52,Interesting Kelly Oubre Carmax Commercial,1,2021-04-17 09:22:49,3
mubw1q,"[Slater]: Steph Curry ""should be good to go"" tonight against the Sixers, per Steve Kerr. Kelly Oubre will also make his return.",1,2021-04-20 03:38:38,39
mue26b,"How in the Sam Hill did Kelly ""Tsunami Papi"" Oubre land that car commercial?",1,2021-04-20 05:30:47,31
mue7vq,"[Highlight] Thybulle blocks Oubre, finishes the layup on the other end",1,2021-04-20 05:39:26,10
mvskit,[Highlight] Garrison Matthews gets his shot SMACKED by Kelly Oubre,1,2021-04-22 05:14:22,6
mvst1m,[Highlight] Oubre meets Lopez at the rim and declares the area a no fly zone,1,2021-04-22 05:28:02,11
mvt87e,[Highlight] Kelly Oubre Jr. throws down the powerful alley-oop from Draymond Green,1,2021-04-22 05:51:55,9
mxbz5h,[Highlight] Oubre drops the hammer,1,2021-04-24 09:13:16,5
mxctxi,"Warriors' unsung hero tonight: Kelly Oubre, with 23/6/3/3/2 against the Denver Nuggets.",1,2021-04-24 10:14:43,67
mypaoh,"[Highlight] Down by 2 with 2:20 left, Oubre cuts and scores plus the foul",1,2021-04-26 09:43:42,4
mypb2y,[Highlight] Oubre gives the Warriors the lead again,1,2021-04-26 09:44:25,3
mypj6m,[Highlight] Oubre successfully 'distracts' Holmes at the free throw line in the fourth quarter,1,2021-04-26 09:58:15,141
mypn0i,[Highlight] Oubre successfully distractes Richaun Holmes at the line,1,2021-04-26 10:04:56,1
myzymy,"So many great players this year, and so many great names this year. My favorite name for a basketball player in the NBA is Kelly Oubre(it just rolls of the tongue). What is your favorite player name of the year ?",1,2021-04-26 20:44:50,2
n05pbb,Kelly Oubre with the impressive +/- of -37 in 21 minutes work.,1,2021-04-28 08:47:49,2
n22m3v,"[Slater] Kelly Oubre and Draymond Green are questionable for tomorrow's game in Houston. Draymond was ""elbowed in the shoulder"" last night vs Wolves, per Kerr, and didn't practice today. Eric Paschall is doubtful, but nearing a return.",1,2021-05-01 01:56:01,38
n2vne6,"[Charania] Warriors‚Äô Kelly Oubre Jr. has a torn ligament in his left wrist and a fracture on the palm, sources tell @TheAthletic @Stadium . Oubre reaggravated his wrist on April 9, missed 11 days and returned for five games, attempting to play through the injury and compete on the floor.",1,2021-05-02 06:22:40,141
n2x9vx,"Kelly Oubre Jr. has torn wrist ligament and broken hand, will be evaluated further",1,2021-05-02 08:04:01,16
n3f3db,Kelly Oubre on Tuesday night played 23 minutes and had a +/- of -41,1,2021-05-03 01:54:10,3
n5g4y2,"[Serious] In the recent 9 games that Kelly Oubre sat out, the Warriors were able to win 6 out of those 9 games, which is better than their overall 50% win record. Do the Warriors actually look better without Oubre?",1,2021-05-05 19:08:46,38
n6kdal,"[Haynes] Golden State Warriors swingman Kelly Oubre Jr. will not require surgery on his ailing left wrist and is expected to be sidelined 1-2 weeks, league sources tell Yahoo Sports.",2,2021-05-07 04:36:38,44
naf4yx,Bobby Marks: ‚ÄúGolden St. will retain their 2021 first-round pick if they lose at Phoenix tonight. The first rd. pick sent to OKC in the Kelly Oubre Jr. trade was top 20 protected.‚Äù,1,2021-05-12 08:44:07,8
ncj3q1,What contract would you offer Oubre this off-season?,1,2021-05-15 02:40:07,38
nejodp,Kelly Oubre would be great fit in Denver‚Äôs system,1,2021-05-17 21:16:14,10
nfmrgt,"Warriors with Wiseman and Oubre were the worst team in the NBA. Without both, they were the best team in the NBA.",1,2021-05-19 02:56:25,104
nfq866,Kelly Oubre Jr. is going to be a dad,1,2021-05-19 05:26:23,2
nfqcos,Kelly Oubre Jr. is going to be a dad,1,2021-05-19 05:32:06,50
nhwg58,"Kelly Oubre, over the last 2 seasons, has a W/L record of 49-62. Without him, his teams went 24-10",1,2021-05-21 21:50:09,41
nia9z4,Do The Warriors win either of these games with Kelly Oubre?,0,2021-05-22 09:32:45,31
nk50dc,"Bob Myers on Wiseman: ‚Äú I expect him to be on the team next season. ‚Äú Also, Bob Myers said Oubre said: ‚Äúmade it clear he'd like to be here.""",1,2021-05-25 00:11:39,0
nmarfv,Report: Kelly Oubre and his camp think they can get over $20 million annually in free agency.,1,2021-05-27 21:34:18,2
nmi6hh,Report: Kelly Oubre and his camp think they can get over $20 million annually in free agency,1,2021-05-28 03:01:32,0
nmn7jz,Kelly Oubre Jr. free agency rumors: Warriors wing confident he can earn $20M per year on next contract,1,2021-05-28 07:29:26,76
nrzay4,Do you think Kelly Oubre likes the taste of crow,1,2021-06-04 13:04:34,3
nu6lxb,"What do you guys think of this 3 team trade? Kp, Turner and Warren, dray and oubre as basis",1,2021-06-07 12:55:17,8
nujg7n,"[Berman] #Knicks, Kelly Oubre have mutual interest with team still seeking small forward #NBA",1,2021-06-07 23:48:44,41
nujv3c,"[Berman] According to one source, there is mutual interest between Oubre and the Knicks. The Knicks are one of the few teams who can offer him more than the $9.5 million mid-level exception.",1,2021-06-08 00:06:06,34
o4mtfc,"Anyone here remember Oubre on the Suns? Nah, me either.",1,2021-06-21 09:45:48,2
o4z05h,"[Fischer] ""The Warriors have interest in re-signing Kelly Oubre Jr. this summer, sources told B/R. - Several Spurs players appear eager to land Oubre, according to league sources. - Tom Thibodeau is also said to have an interest in bringing to New York. - Dallas is expected to register interest""",4,2021-06-21 21:53:23,64
o512at,Report: Mavs approached Warriors before deadline on deal centered around Kristaps Porzingis and Kelly Oubre,1,2021-06-21 23:22:27,2
o514cc,"[Fischer] The Warriors do have an interest in re-signing Kelly Oubre Jr. Several Spurs players appear eager to land Oubre in San Antonio, according to league sources. The Mavericks approached Golden State before the deadline for a deal around Kristaps Porzingis in exchange for Oubre.",3,2021-06-21 23:24:49,68
o6kk03,"How would the Sixers look if they traded Ben for Draymond , Oubre, 14th pick and Harris for McCollum?",1,2021-06-24 01:22:57,29
ob6u9a,"[Winfield] The Knicks are interested in trading for a star, and if they do, a league source believes they are also interested in signing Warriors free agent Kelly Oubre Jr.",1,2021-07-01 02:49:18,104
och83m,"In a potential Siakam trade, could GSW include Oubre instead of Wiggins",1,2021-07-03 00:49:09,45
of3vwi,Kelly Oubre on Steve Kerr: ‚ÄúI don't even want to speak and elaborate on much on that situation‚Äù,1,2021-07-07 02:23:50,304
of5074,Kelly Oubre: ‚ÄúI'm blessed to be an unrestricted free agent‚Äù,1,2021-07-07 03:23:12,60
of5lly,"Your team has an opportunity to get Dennis, Smart, Oubre, Jerami Grant, and Drummond for a total of $50mil, do you do it?",1,2021-07-07 03:54:02,27
of6tkt,Kelly Oubre Jr has more career turnovers than assists,1,2021-07-07 05:00:28,22
of8fj4,"Kelly Oubre: ‚Äúat the end of the day, man, I'm a Warrior right now.‚Äù",1,2021-07-07 06:34:33,32
ofomrr,"[Goldberg] Kelly Oubre Jr. could seek a long-term deal that pays him upwards of $20 million annually, according to a league source. Teams such as the Knicks, Spurs, Mavericks and Heat can create the requisite cap space and will consider signing Oubre, according to multiple reports.",1,2021-07-07 23:43:58,80
ok2afr,"Ben Simmons, Seth Curry, Danny Green to Warriors for Andrew Wiggins, James Wiseman, Kelly Oubre and #7 pick? Everyone wins",1,2021-07-14 16:50:52,2
ok9e6q,Warriors free agent Kelly Oubre Jr. sits down with @Stadium: ‚ÄúI think the whole world knows what I‚Äôm capable of.‚Äù,1,2021-07-14 23:07:44,66
okcxkg,"Kelly Oubre on Steph Curry and Draymond Green: ‚ÄúI'm just blessed to have crossed paths with those guys and to know them as individuals.""",1,2021-07-15 01:59:44,43
